<?xml version="1.0" encoding="UTF-8"?>
<!DOCTYPE mapper PUBLIC "-//mybatis.org//DTD Mapper 3.0//EN" "http://mybatis.org/dtd/mybatis-3-mapper.dtd">
<mapper namespace="ltd.newbee.mall.dao.NewBeeMallOrderMapper">
    <resultMap id="BaseResultMap" type="ltd.newbee.mall.entity.NewBeeMallOrder">
        <id column="order_id" jdbcType="BIGINT" property="orderId"/>
        <result column="order_no" jdbcType="VARCHAR" property="orderNo"/>
        <result column="user_id" jdbcType="BIGINT" property="userId"/>
        <result column="total_price" jdbcType="INTEGER" property="totalPrice"/>
        <result column="pay_status" jdbcType="TINYINT" property="payStatus"/>
        <result column="pay_type" jdbcType="TINYINT" property="payType"/>
        <result column="pay_time" jdbcType="TIMESTAMP" property="payTime"/>
        <result column="order_status" jdbcType="TINYINT" property="orderStatus"/>
        <result column="extra_info" jdbcType="VARCHAR" property="extraInfo"/>
        <result column="user_address" jdbcType="VARCHAR" property="userAddress"/>
        <result column="is_deleted" jdbcType="TINYINT" property="isDeleted"/>
        <result column="create_time" jdbcType="TIMESTAMP" property="createTime"/>
        <result column="update_time" jdbcType="TIMESTAMP" property="updateTime"/>
    </resultMap>
    <sql id="Base_Column_List">
        order_id, order_no, user_id, total_price, pay_status, pay_type, pay_time, order_status,
    extra_info, user_name, user_phone, user_address, is_deleted, create_time, update_time
    </sql>
    <select id="selectByPrimaryKey" parameterType="java.lang.Long" resultMap="BaseResultMap">
        select
        <include refid="Base_Column_List"/>
        from tb_newbee_mall_order
        where order_id = #{orderId,jdbcType=BIGINT}
    </select>
    <select id="selectByOrderNo" parameterType="java.lang.String" resultMap="BaseResultMap">
        select
        <include refid="Base_Column_List"/>
        from tb_newbee_mall_order
        where order_no = #{orderNo,jdbcType=VARCHAR} and is_deleted=0 limit 1
    </select>
    <select id="selectByPrimaryKeys" resultMap="BaseResultMap">
        select
        <include refid="Base_Column_List"/>
        from tb_newbee_mall_order
        where order_id in
        <foreach collection="orderIds" item="item" index="index"
                 open="(" separator="," close=")">#{item}
        </foreach>
    </select>
    <select id="findNewBeeMallOrderList" parameterType="Map" resultMap="BaseResultMap">
        select
        <include refid="Base_Column_List"/>
        from tb_newbee_mall_order
        <where>
            <if test="orderNo!=null and orderNo!=''">
                and order_no = #{orderNo}
            </if>
            <if test="userId!=null and userId!=''">
                and user_id = #{userId}
            </if>
            <if test="payType!=null and payType!=''">
                and pay_type = #{payType}
            </if>
            <if test="orderStatus!=null and orderStatus!=''">
                and order_status = #{orderStatus}
            </if>
            <if test="isDeleted!=null and isDeleted!=''">
                and is_deleted = #{isDeleted}
            </if>
            <if test="startTime != null and startTime.trim() != ''">
                and create_time &gt; #{startTime}
            </if>
            <if test="endTime != null and endTime.trim() != ''">
                and create_time &lt; #{endTime}
            </if>
        </where>
        order by create_time desc
        <if test="start!=null and limit!=null">
            limit #{start},#{limit}
        </if>
    </select>

    <select id="getTotalNewBeeMallOrders" parameterType="Map" resultType="int">
        select count(*) from tb_newbee_mall_order
        <where>
            <if test="orderNo!=null and orderNo!=''">
                and order_no = #{orderNo}
            </if>
            <if test="userId!=null and userId!=''">
                and user_id = #{userId}
            </if>
            <if test="payType!=null and payType!=''">
                and pay_type = #{payType}
            </if>
            <if test="orderStatus!=null and orderStatus!=''">
                and order_status = #{orderStatus}
            </if>
            <if test="isDeleted!=null and isDeleted!=''">
                and is_deleted = #{isDeleted}
            </if>
            <if test="startTime != null and startTime.trim() != ''">
                and create_time &gt; #{startTime}
            </if>
            <if test="endTime != null and endTime.trim() != ''">
                and create_time &lt; #{endTime}
            </if>
        </where>
    </select>
    <select id="selectPrePayOrders" resultMap="BaseResultMap">
        select
        <include refid="Base_Column_List"/>
        from tb_newbee_mall_order
        where is_deleted = 0 and order_status = 0
    </select>
    <update id="deleteByPrimaryKey" parameterType="java.lang.Long">
        update tb_newbee_mall_order
        set is_deleted=1
        where order_id = #{orderId,jdbcType=BIGINT}
          and is_deleted = 0
    </update>
    <insert id="insert" parameterType="ltd.newbee.mall.entity.NewBeeMallOrder">
        insert into tb_newbee_mall_order (order_id, order_no, user_id,
                                          total_price, pay_status, pay_type,
                                          pay_time, order_status, extra_info,
                                          user_address, is_deleted, create_time, update_time)
        values (#{orderId,jdbcType=BIGINT}, #{orderNo,jdbcType=VARCHAR}, #{userId,jdbcType=BIGINT},
                #{totalPrice,jdbcType=INTEGER}, #{payStatus,jdbcType=TINYINT}, #{payType,jdbcType=TINYINT},
                #{payTime,jdbcType=TIMESTAMP}, #{orderStatus,jdbcType=TINYINT}, #{extraInfo,jdbcType=VARCHAR},
                #{userAddress,jdbcType=VARCHAR}, #{isDeleted,jdbcType=TINYINT}, #{createTime,jdbcType=TIMESTAMP},
                #{updateTime,jdbcType=TIMESTAMP})
    </insert>
    <insert id="insertSelective" useGeneratedKeys="true" keyProperty="orderId"
            parameterType="ltd.newbee.mall.entity.NewBeeMallOrder">
        insert into tb_newbee_mall_order
        <trim prefix="(" suffix=")" suffixOverrides=",">
            <if test="orderId != null">
                order_id,
            </if>
            <if test="orderNo != null">
                order_no,
            </if>
            <if test="userId != null">
                user_id,
            </if>
            <if test="totalPrice != null">
                total_price,
            </if>
            <if test="payStatus != null">
                pay_status,
            </if>
            <if test="payType != null">
                pay_type,
            </if>
            <if test="payTime != null">
                pay_time,
            </if>
            <if test="orderStatus != null">
                order_status,
            </if>
            <if test="extraInfo != null">
                extra_info,
            </if>
            <if test="userAddress != null">
                user_address,
            </if>
            <if test="isDeleted != null">
                is_deleted,
            </if>
            <if test="createTime != null">
                create_time,
            </if>
            <if test="updateTime != null">
                update_time,
            </if>
        </trim>
        <trim prefix="values (" suffix=")" suffixOverrides=",">
            <if test="orderId != null">
                #{orderId,jdbcType=BIGINT},
            </if>
            <if test="orderNo != null">
                #{orderNo,jdbcType=VARCHAR},
            </if>
            <if test="userId != null">
                #{userId,jdbcType=BIGINT},
            </if>
            <if test="totalPrice != null">
                #{totalPrice,jdbcType=INTEGER},
            </if>
            <if test="payStatus != null">
                #{payStatus,jdbcType=TINYINT},
            </if>
            <if test="payType != null">
                #{payType,jdbcType=TINYINT},
            </if>
            <if test="payTime != null">
                #{payTime,jdbcType=TIMESTAMP},
            </if>
            <if test="orderStatus != null">
                #{orderStatus,jdbcType=TINYINT},
            </if>
            <if test="extraInfo != null">
                #{extraInfo,jdbcType=VARCHAR},
            </if>
            <if test="userAddress != null">
                #{userAddress,jdbcType=VARCHAR},
            </if>
            <if test="isDeleted != null">
                #{isDeleted,jdbcType=TINYINT},
            </if>
            <if test="createTime != null">
                #{createTime,jdbcType=TIMESTAMP},
            </if>
            <if test="updateTime != null">
                #{updateTime,jdbcType=TIMESTAMP},
            </if>
        </trim>
    </insert>
    <update id="checkDone">
        update tb_newbee_mall_order
        set order_status = 2,update_time = now()
        where order_id in
        <foreach collection="orderIds" item="item" index="index"
                 open="(" separator="," close=")">#{item}
        </foreach>
    </update>
    <update id="checkOut">
        update tb_newbee_mall_order
        set order_status = 3,update_time = now()
        where order_id in
        <foreach collection="orderIds" item="item" index="index"
                 open="(" separator="," close=")">#{item}
        </foreach>
    </update>
    <update id="closeOrder">
        update tb_newbee_mall_order
        set order_status = #{orderStatus},update_time = now()
        where order_id in
        <foreach collection="orderIds" item="item" index="index"
                 open="(" separator="," close=")">#{item}
        </foreach>
    </update>
    <update id="updateByPrimaryKeySelective" parameterType="ltd.newbee.mall.entity.NewBeeMallOrder">
        update tb_newbee_mall_order
        <set>
            <if test="orderNo != null">
                order_no = #{orderNo,jdbcType=VARCHAR},
            </if>
            <if test="userId != null">
                user_id = #{userId,jdbcType=BIGINT},
            </if>
            <if test="totalPrice != null">
                total_price = #{totalPrice,jdbcType=INTEGER},
            </if>
            <if test="payStatus != null">
                pay_status = #{payStatus,jdbcType=TINYINT},
            </if>
            <if test="payType != null">
                pay_type = #{payType,jdbcType=TINYINT},
            </if>
            <if test="payTime != null">
                pay_time = #{payTime,jdbcType=TIMESTAMP},
            </if>
            <if test="orderStatus != null">
                order_status = #{orderStatus,jdbcType=TINYINT},
            </if>
            <if test="extraInfo != null">
                extra_info = #{extraInfo,jdbcType=VARCHAR},
            </if>
            <if test="userAddress != null">
                user_address = #{userAddress,jdbcType=VARCHAR},
            </if>
            <if test="isDeleted != null">
                is_deleted = #{isDeleted,jdbcType=TINYINT},
            </if>
            <if test="createTime != null">
                create_time = #{createTime,jdbcType=TIMESTAMP},
            </if>
            <if test="updateTime != null">
                update_time = #{updateTime,jdbcType=TIMESTAMP},
            </if>
        </set>
        where order_id = #{orderId,jdbcType=BIGINT}
    </update>
    <update id="updateByPrimaryKey" parameterType="ltd.newbee.mall.entity.NewBeeMallOrder">
        update tb_newbee_mall_order
        set order_no     = #{orderNo,jdbcType=VARCHAR},
            user_id      = #{userId,jdbcType=BIGINT},
            total_price  = #{totalPrice,jdbcType=INTEGER},
            pay_status   = #{payStatus,jdbcType=TINYINT},
            pay_type     = #{payType,jdbcType=TINYINT},
            pay_time     = #{payTime,jdbcType=TIMESTAMP},
            order_status = #{orderStatus,jdbcType=TINYINT},
            extra_info   = #{extraInfo,jdbcType=VARCHAR},
            user_address = #{userAddress,jdbcType=VARCHAR},
            is_deleted   = #{isDeleted,jdbcType=TINYINT},
            create_time  = #{createTime,jdbcType=TIMESTAMP},
            update_time  = #{updateTime,jdbcType=TIMESTAMP}
        where order_id = #{orderId,jdbcType=BIGINT}
    </update>
</mapper>
